나라,회사,브랜드
대한민국,vte화장품 브랜드,v
대한민국,vte화장품 브랜드,t
대한민국,vte화장품 브랜드,e
대한민국,아모레퍼시픽,아리따움
대한민국,아모레퍼시픽,이니스프리
대한민국,아모레퍼시픽,헤라
대한민국,아모레퍼시픽,아이오페
대한민국,아모레퍼시픽,마몽드
대한민국,아모레퍼시픽,라네즈
대한민국,아모레퍼시픽,에뛰드하우스
대한민국,아모레퍼시픽,리리코스
대한민국,아모레퍼시픽,한율
대한민국,아모레퍼시픽,설화수
대한민국,아모레퍼시픽,프리메라
대한민국,아모레퍼시픽,베리떼
대한민국,아모레퍼시픽,에스쁘아
대한민국,아모레퍼시픽,일리
대한민국,LG생활건강,더페이스샵
대한민국,LG생활건강,더히스토리오브후
대한민국,LG생활건강,오휘
대한민국,LG생활건강,숨37
대한민국,LG생활건강,빌리프
대한민국,LG생활건강,다비
대한민국,LG생활건강,필로소피
대한민국,LG생활건강,더 사가 오브 수
대한민국,LG생활건강,이자녹스
대한민국,LG생활건강,수려한
대한민국,LG생활건강,라끄베르
대한민국,LG생활건강,캐시캣
대한민국,LG생활건강,보닌
대한민국,LG생활건강,케어존
대한민국,LG생활건강,더마리프트
대한민국,LG생활건강,코드 글로컬러
대한민국,LG생활건강,비욘드
대한민국,LG생활건강,CNP
대한민국,LG생활건강,VDL
대한민국,LG생활건강,VOV
대한민국,LG생활건강,프로스틴
대한민국,LG생활건강,디어패커
대한민국,LG생활건강,마케리마케
대한민국,LG생활건강,투마루
대한민국,한국화장품,더샘
대한민국,한국화장품,산심
대한민국,한국화장품,오션
대한민국,한국화장품,칼리
대한민국,한국화장품,쥬단학
대한민국,한국화장품,시크릿네이처
대한민국,한국화장품,A3Fon
대한민국,한국화장품,템테이션
대한민국,잇츠한불,잇츠스킨
대한민국,잇츠한불,ICS
대한민국,잇츠한불,루이첼
대한민국,잇츠한불,오버클래스 아이디
대한민국,잇츠한불,VATANG
대한민국,잇츠한불,이윰
대한민국,코리아나화장품,코리아나
대한민국,코리아나화장품,리비다
대한민국,코리아나화장품,자인
대한민국,코리아나화장품,엔시아
대한민국,코리아나화장품,세니떼
대한민국,KT&G,비프루브
대한민국,KT&G,다나한
대한민국,KT&G,플로르드망(꽃을든남자)
대한민국,KT&G,동인비
대한민국,KT&G,랑 (LLang)
대한민국,에이블씨앤씨,미샤
대한민국,에이블씨앤씨,어퓨
대한민국,클리오,클리오
대한민국,클리오,페리페라
대한민국,클리오,구달
대한민국,그외 화장품 브랜드숍,네이처리퍼블릭
대한민국,그외 화장품 브랜드숍,스킨푸드(피어리스화장품)
대한민국,그외 화장품 브랜드숍,토니모리
대한민국,그외 화장품 브랜드숍,바닐라코(F&F)
대한민국,그외 화장품 브랜드숍,홀리카홀리카(엔프라니)
대한민국,기타 브랜드,리엔케이(코웨이)
대한민국,기타 브랜드,참존화장품
대한민국,기타 브랜드,입큰(이넬화장품)
대한민국,기타 브랜드,셀트리온스킨큐어
대한민국,기타 브랜드,식물나라(라이온코리아)
대한민국,기타 브랜드,로제화장품
대한민국,기타 브랜드,루나(애경산업)
대한민국,기타 브랜드,나드리화장품
대한민국,기타 브랜드,사임당화장품
대한민국,기타 브랜드,네슈라화장품
대한민국,기타 브랜드,쥬리아화장품
대한민국,기타 브랜드,라미화장품
대한민국,기타 브랜드,한독화장품
대한민국,기타 브랜드,한국콜마
대한민국,기타 브랜드,코스맥스
대한민국,기타 브랜드,유니베라(유니베라)
대한민국,기타 브랜드,한생화장품
대한민국,기타 브랜드,애터미
대한민국,기타 브랜드,ANUA
대한민국,기타 브랜드,스킨79
대한민국,기타 브랜드,싸이닉
대한민국,기타 브랜드,A.H.C
대한민국,기타 브랜드,아이소이
대한민국,기타 브랜드,클레어스
대한민국,기타 브랜드,Beauty of Joseon
대한민국,기타 브랜드,포렌코즈
대한민국,기타 브랜드,Dr.Jart+
대한민국,기타 브랜드,TREEANNSEA
대한민국,기타 브랜드,아토팜 리얼 베리어(네오팜)
대한민국,기타 브랜드,리더스코스메틱(산성앨엔에스)
대한민국,기타 브랜드,고운세상닥터지
대한민국,기타 브랜드,보타닉힐보(올리브영자체브랜드)
대한민국,기타 브랜드,라비오뜨
대한민국,기타 브랜드,SNP 화장품(에스디생명공학)
대한민국,기타 브랜드,메디힐(L&P 코스메틱)
대한민국,기타 브랜드,시드물
대한민국,기타 브랜드,에이프릴스킨
대한민국,기타 브랜드,23 years old(젬나컴퍼니)
대한민국,기타 브랜드,WHAMISA(이엔에스코리아)
대한민국,기타 브랜드,네오젠(아우딘퓨쳐스)
대한민국,기타 브랜드,류케이웨이브(글로본)
대한민국,기타 브랜드,퓨리토
대한민국,기타 브랜드,아임미미(미미박스)
프랑스,로레알,로레알
프랑스,로레알,랑콤
프랑스,로레알,비오템
영국,외국계 브랜드,더바디샵
미국,로레알,키엘
프랑스,로레알,슈에무라
이탈리아,외국계 브랜드,조르지오 아르마니
미국,랄프 로렌,랄프 로렌
프랑스,외국계 브랜드,카샤렐
프랑스,로레알,라로슈-포제
프랑스,로레알,비쉬
미국,로레알,메이블린
대한민국,로레알,헬레나 루빈스타인
대한민국,로레알,가르니에
대한민국,로레알,레드켄
대한민국,LVMH,크리스찬 디올
대한민국,외국계 브랜드,시슬리
대한민국,외국계 브랜드,클라란스
대한민국,외국계 브랜드,바비브라운
대한민국,외국계 브랜드,베네피트
대한민국,외국계 브랜드,M.A.C
대한민국,외국계 브랜드,에스티로더
대한민국,외국계 브랜드,아벤느
대한민국,외국계 브랜드,크리니크
대한민국,외국계 브랜드,엘리자베스아덴
대한민국,외국계 브랜드,샤넬
대한민국,외국계 브랜드,입생로랑
대한민국,외국계 브랜드,레블론
대한민국,외국계 브랜드,에이본
대한민국,외국계 브랜드,아비노
대한민국,외국계 브랜드,뉴트로지나(존슨앤드존슨)
대한민국,외국계 브랜드,니베아
대한민국,외국계 브랜드,유니레버
대한민국,외국계 브랜드,나투라
대한민국,외국계 브랜드,내처럴 원더
대한민국,외국계 브랜드,네서스
대한민국,외국계 브랜드,닐스 야드 레미디스
대한민국,외국계 브랜드,닥터하우쉬카
대한민국,외국계 브랜드,러브 코스메틱
대한민국,외국계 브랜드,러쉬
대한민국,외국계 브랜드,레드 얼쓰로라메르시에
대한민국,외국계 브랜드,록시땅
대한민국,외국계 브랜드,리즈 와티에
대한민국,외국계 브랜드,리처드 허드넛
대한민국,외국계 브랜드,림멜맥스팩터메리케이
대한민국,외국계 브랜드,모델코배스앤바디웍스
대한민국,외국계 브랜드,버츠비
대한민국,외국계 브랜드,본벨
대한민국,외국계 브랜드,비엣홈
대한민국,외국계 브랜드,빅토리아시크릿
대한민국,외국계 브랜드,세포라
대한민국,외국계 브랜드,스틸라아누스
대한민국,외국계 브랜드,아베다
대한민국,외국계 브랜드,아티스트리
대한민국,외국계 브랜드,카르고
대한민국,외국계 브랜드,어반디케이
대한민국,외국계 브랜드,얼타
대한민국,외국계 브랜드,에덴알뤼르
대한민국,외국계 브랜드,오리진스
대한민국,외국계 브랜드,오리플레임
대한민국,외국계 브랜드,오보티카리오
대한민국,외국계 브랜드,오픈선디스
대한민국,외국계 브랜드,올메이
대한민국,외국계 브랜드,울티마 II
대한민국,외국계 브랜드,웰라
대한민국,외국계 브랜드,이브로쉐
대한민국,외국계 브랜드,캐롤스 도터
대한민국,외국계 브랜드,케빈 어코인
대한민국,외국계 브랜드,크레메 21
대한민국,외국계 브랜드,커버걸
대한민국,외국계 브랜드,파베르제
대한민국,외국계 브랜드,하드캔디
대한민국,외국계 브랜드,스틸라
대한민국,외국계 브랜드,끌레드뽀 보떼
대한민국,외국계 브랜드,프라이어
대한민국,외국계 브랜드,하쿠
대한민국,외국계 브랜드,베네피크
대한민국,외국계 브랜드,리바이탈 그라나스
대한민국,외국계 브랜드,에릭실 슈페리어
대한민국,외국계 브랜드,엘릭서
대한민국,외국계 브랜드,인터그레이트
대한민국,외국계 브랜드,아넷사
대한민국,외국계 브랜드,아쿠아라벨
대한민국,외국계 브랜드,뷰티 볼티지
대한민국,외국계 브랜드,퍼펙트휩
대한민국,외국계 브랜드,마끼아쥬
대한민국,외국계 브랜드,마죠리카마죠루카
대한민국,외국계 브랜드,설기정
대한민국,외국계 브랜드,에스프리끄
대한민국,외국계 브랜드,비세
대한민국,외국계 브랜드,파시오
대한민국,외국계 브랜드,어딕션
대한민국,외국계 브랜드,코스메 데코르떼
대한민국,외국계 브랜드,소피나
대한민국,외국계 브랜드,가네보수이사이코후레도르트와니앨리케이트에비타루나솔
대한민국,외국계 브랜드,수이사이
대한민국,외국계 브랜드,코후레도르
대한민국,외국계 브랜드,트와니
대한민국,외국계 브랜드,앨리
대한민국,외국계 브랜드,케이트
대한민국,외국계 브랜드,에비타
대한민국,외국계 브랜드,루나솔
대한민국,외국계 브랜드,SK-II(P&G)
대한민국,외국계 브랜드,DHC
대한민국,외국계 브랜드,로토제약(하다라보)
대한민국,외국계 브랜드,오르비스
대한민국,외국계 브랜드,나스
대한민국,외국계 브랜드,메나도화장품
