나라,회사,브랜드,기타
대한민국,KT&G(코스모코스),다나한,
대한민국,KT&G(KGC인삼공사),동인비,
대한민국,KT&G(KGC인삼공사),랑 (LLang),
대한민국,KT&G(코스모코스),비프루브,
대한민국,KT&G(코스모코스),플로르드망(꽃을든남자),
대한민국,LG생활건강,CNP,
대한민국,LG생활건강,VDL,
대한민국,LG생활건강,VOV,
대한민국,LG생활건강,다비,
대한민국,LG생활건강,더 사가 오브 수,
대한민국,LG생활건강,더마리프트,
대한민국,LG생활건강,더페이스샵,
대한민국,LG생활건강,더히스토리오브후,
대한민국,LG생활건강,디어패커,
대한민국,LG생활건강,라끄베르,
대한민국,LG생활건강,마케리마케,
대한민국,LG생활건강,보닌,
대한민국,LG생활건강,비욘드,
대한민국,LG생활건강,빌리프,
대한민국,LG생활건강,수려한,
대한민국,LG생활건강,숨37,
대한민국,LG생활건강,오휘,
대한민국,LG생활건강,이자녹스,
대한민국,LG생활건강,캐시캣,
대한민국,LG생활건강,케어존,
대한민국,LG생활건강,코드 글로컬러,
대한민국,LG생활건강,투마루,
대한민국,LG생활건강,프로스틴,
미국,코티(Coty),필로소피,
프랑스,LVMH,크리스찬 디올,
대한민국,네이처리퍼블릭,네이처리퍼블릭,
대한민국,F&F(에프앤코),바닐라코(F&F),
대한민국,스킨푸드,스킨푸드(피어리스화장품),
대한민국,토니모리,토니모리,
대한민국,엔프라니,홀리카홀리카(엔프라니),
대한민국,젬나컴퍼니,23 years old(젬나컴퍼니),
대한민국,유니레버(카버코리아),A.H.C,
대한민국,더파운더즈,ANUA,
대한민국,구다이글로벌,Beauty of Joseon,
대한민국,에스티로더,Dr.Jart+,
대한민국,에스디생명공학,SNP 화장품(에스디생명공학),
대한민국,트리앤씨,TREEANNSEA,
대한민국,이엔에스코리아,WHAMISA(이엔에스코리아),
대한민국,고운세상코스메틱,고운세상닥터지,
대한민국,나드리화장품,나드리화장품,
대한민국,네슈라화장품,네슈라화장품,
대한민국,아우딘퓨쳐스,네오젠(아우딘퓨쳐스),
대한민국,라미화장품,라미화장품,
대한민국,토니모리,라비오뜨,
대한민국,십장생(로제화장품),로제화장품,
대한민국,애경산업,루나,
대한민국,글로본,류케이웨이브,
대한민국,리더스코스메틱,리더스코스메틱,
대한민국,코웨이,리엔케이,
대한민국,엘앤피코스메틱,메디힐,
대한민국,CJ올리브영,보타닉힐보,
대한민국,사임당화장품,사임당화장품,
대한민국,셀트리온스킨큐어,셀트리온스킨큐어,
대한민국,스킨79,스킨79,
대한민국,시드물,시드물,
대한민국,CJ올리브영(라이온코리아 제조),식물나라(라이온코리아),
대한민국,11번가(SK플래닛),싸이닉,
대한민국,자연인,아이소이,
대한민국,미미박스,아임미미(미미박스),
대한민국,네오팜,아토팜 리얼 베리어(네오팜),
대한민국,애터미,애터미,
대한민국,에이피알(APR),에이프릴스킨,
대한민국,유니베라,유니베라(유니베라),
대한민국,이넬화장품,입큰(이넬화장품),
대한민국,쥬리아,쥬리아화장품,
대한민국,참존,참존화장품,
대한민국,코스맥스(제조사),코스맥스,
대한민국,위시컴퍼니,클레어스,
대한민국,포렌코즈,포렌코즈,
대한민국,하이네이처,퓨리토,
대한민국,한국콜마(제조사),한국콜마,
대한민국,한독화장품,한독화장품,
대한민국,한생화장품,한생화장품,
대한민국,아모레퍼시픽,라네즈,
대한민국,아모레퍼시픽,리리코스,
대한민국,아모레퍼시픽,마몽드,
대한민국,아모레퍼시픽,베리떼,
대한민국,아모레퍼시픽,설화수,
대한민국,아모레퍼시픽,아리따움,
대한민국,아모레퍼시픽,아이오페,
대한민국,아모레퍼시픽,에뛰드하우스,
대한민국,아모레퍼시픽,에스쁘아,
대한민국,아모레퍼시픽,이니스프리,
대한민국,아모레퍼시픽,일리,
대한민국,아모레퍼시픽,프리메라,
대한민국,아모레퍼시픽,한율,
대한민국,아모레퍼시픽,헤라,
대한민국,에이블씨앤씨,미샤,
대한민국,에이블씨앤씨,어퓨,
일본,DHC,DHC,
일본,시세이도,끌레드뽀 보떼,
미국,시세이도,나스,
브라질,나투라(Natura&Co),나투라,
미국,레블론(Revlon),내처럴 원더,운영중단
스위스,네상스(Nescens),네상스(Nescens),
미국,켄뷰(Kenvue),뉴트로지나,
독일,바이어스도르프,니베아,
영국,닐스야드(Neal's Yard),닐스 야드 레미디스,
독일,발라(WALA),닥터하우쉬카,
대한민국,럽럽 코스메틱,럽럽 코스메틱,
영국,러쉬(Lush),러쉬,
프랑스,시세이도,로라메르시에,
미국,레블론(Revlon),레블론,
프랑스,록시땅 그룹,록시땅,
일본,가오(가네보),루나솔,
일본,시세이도,리바이탈 그라나스,
캐나다,마르셀 그룹(Groupe Marcelle),리즈 와티에,
미국,코티(Coty),리처드 허드넛,
영국,코티(Coty),릴멜,
미국,코티(Coty),맥스팩터,
미국,메리케이,메리케이,
일본,시세이도,마끼아쥬,
일본,니혼메나도화장품,메나도,
호주,모델코(ModelCo),모델코,
미국,L브랜즈(배스앤바디웍스),배스앤바디웍스,
미국,클로록스(Clorox),버츠비,
일본,시세이도,베네피크,
미국,LVMH,베네피트,
미국,본벨(마크윈스),본벨(Bonne Bell),
일본,시세이도,뷰티 볼티지,
일본,고세(KOSE),비세,
대한민국,비엣홈,비엣홈,없음
미국,빅토리아시크릿,빅토리아시크릿,
프랑스,샤넬,샤넬,
프랑스,LVMH,세포라,
일본,가오(Kao),소피나,
일본,가오(가네보),수이사이,
미국,스틸라,스틸라,
대한민국,스틸라아누스,스틸라아누스,안보임
프랑스,시슬리,시슬리,
일본,시세이도,아넷사(Anessa),
미국,에스티로더,아베다,
프랑스,피에르파브르,아벤느,
미국,켄뷰(Kenvue),아비노,
일본,시세이도,아쿠아라벨,
미국,암웨이(Amway),아티스트리,
일본,가오(가네보),앨리,
일본,고세(KOSE),어딕션,
미국,얼타 뷰티(Ulta Beauty),얼타,
미국,에덴알뤼르,에덴알뤼르,
일본,시세이도,에릭실 슈페리어,
일본,가오(가네보),에비타,
미국,에스티로더,에스티로더,
일본,고세(KOSE),에스프리끄,
미국,나투라(에이본),에이본,
미국,레블론(Revlon),엘리자베스아덴,
일본,시세이도,엘릭서,
일본,폴라 오르비스 홀딩스,오르비스,
미국,에스티로더,오리진스,
스위스,오리플레임,오리플레임,
브라질,그루푸 보치카리우,오보티카리오,
미국,오픈선디스,오픈선디스,
미국,레블론(Revlon),올메이,
미국,레블론(Revlon),울티마 II,
독일,코티(Coty),웰라,
영국,유니레버(Unilever),유니레버,
프랑스,그루프 로쉐,이브로쉐,
일본,시세이도,인터그레이트,
캐나다,카르고 코스메틱(Cargo),카르고,
미국,로레알,캐롤스 도터,
미국,코티(Coty),커버걸,
미국,케빈 어코인,케빈 어코인,
일본,가오(가네보),케이트,
일본,고세(KOSE),코스메 데코르떼,
일본,가오(가네보),코후레도르,
독일,크레메 21,크레메 21,
프랑스,클라란스,클라란스,
일본,가오(가네보),트와니,
프랑스,유니레버(과거),파베르제,
일본,고세(KOSE),파시오,
일본,파인트리(시세이도 센카),퍼펙트휩,
일본,시세이도,프라이어,
미국,하드캔디,하드캔디,
일본,시세이도,하쿠,
대한민국,잇츠한불,ICS,
대한민국,잇츠한불,VATANG,
대한민국,잇츠한불,루이첼,
대한민국,잇츠한불,오버클래스 아이디,
대한민국,잇츠한불,이윰,
대한민국,잇츠한불,잇츠스킨,
대한민국,코리아나화장품,리비다,
대한민국,코리아나화장품,세니떼,
대한민국,코리아나화장품,엔시아,
대한민국,코리아나화장품,자인,
대한민국,코리아나화장품,코리아나,
대한민국,클리오,구달,
대한민국,클리오,클리오,
대한민국,클리오,페리페라,
대한민국,한국화장품,A3Fon,
대한민국,한국화장품,더샘,
대한민국,한국화장품,산심,
대한민국,한국화장품,시크릿네이처,
대한민국,한국화장품,오션,
대한민국,한국화장품,쥬단학,
대한민국,한국화장품,칼리,
대한민국,한국화장품,템테이션,
일본,P&G,SK-II,
미국,로레알,랄프 로렌,
미국,로레알,메이블린,
미국,로레알,키엘,
캐나다,에스티로더,M.A.C,
미국,에스티로더,바비브라운,
미국,에스티로더,크리니크,
영국,아우렐리우스 그룹(나투라 매각),더바디샵,
이탈리아,로레알,조르지오 아르마니,
일본,고세(KOSE),세키세이,
일본,로토제약,하다라보,
일본,시세이도,마죠리카 마죠르카,
일본,가오(Kao),가네보,
일본,가오(가네보),수이사이,
일본,가오(가네보),알리,
일본,가오(가네보),에비타,
일본,가오(가네보),케이트,
일본,가오(가네보),코프레도르,
일본,가오(가네보),트와니,
프랑스,로레알,가르니에,
프랑스,로레알,라로슈-포제,
프랑스,로레알,랑콤,
미국,로레알,레드켄,
프랑스,로레알,로레알,
프랑스,로레알,비쉬,
프랑스,로레알,비오템,
일본,로레알,슈에무라,
미국,로레알,어반디케이,
프랑스,로레알,입생로랑,
폴란드,로레알,헬레나 루빈스타인,
프랑스,로레알,카샤렐,
